{"accesspress-social-pro\/accesspress-social-pro.php":{"reason":"EasyWP notice: this plugin slows down WordPress","description":""},"ad-blocking-detector\/ad-blocking-detector.php":{"reason":"EasyWP notice: this plugin causes unnecessary load on database.","description":""},"auto-upload-images\/index.php":{"reason":"EasyWP notice: this plugin has security issues.","description":""},"contextual-related-posts\/contextual-related-posts.php":{"reason":"EasyWP notice: this plugin causes unnecessary load on database.","description":""},"currencyr\/currencyr.php":{"reason":"EasyWP notice: this plugin interferes with our caching mechanism.","description":""},"custom-field-template\/custom-field-template.php":{"reason":"EasyWP notice: this plugin slows down WordPress.","description":""},"database-browser\/database-browser.php":{"reason":"EasyWP notice: this plugin interferes with our caching mechanism.","description":""},"dynamic-related-posts\/drpp.php":{"reason":"EasyWP notice: this plugin was removed from the WordPress plugin repository","description":""},"easy-social-share-buttons\/easy-social-share-buttons.php":{"reason":"EasyWP notice: this plugin causes unnecessary load on the server.","description":""},"easy-social-share-buttons4\/easy-social-share-buttons4.php":{"reason":"EasyWP notice: this plugin interferes with our caching mechanism.","description":""},"ewww-image-optimizer\/ewww-image-optimizer.php":{"reason":"EasyWP notice: This plugin requires the exec function which is blocked on our servers","description":""},"exec-php\/exec-php.php":{"reason":"EasyWP notice: this plugin has security issues.","description":""},"fatpanda-facebook-comments\/plugin.php":{"reason":"EasyWP notice: this plugin interferes with our caching mechanism.","description":""},"flare\/flare.php":{"reason":"EasyWP notice: this plugin interferes with our caching mechanism.","description":""},"floating-social-bar\/floating-social-bar.php":{"reason":"EasyWP notice: this plugin interferes with our caching mechanism.","description":""},"fuzzy-seo-booster\/seoqueries.php":{"reason":"EasyWP notice: this plugin causes unnecessary load on database.","description":""},"gd-star-rating\/gd-star-rating.php":{"reason":"EasyWP notice: this plugin has security issues.","description":""},"mappress-google-maps-for-wordpress\/mappress.php":{"reason":"EasyWP notice: this plugin causes unnecessary load on database.","description":""},"media-deduper-pro\/media-deduper-pro.php":{"reason":"EasyWP notice: this plugin causes unnecessary load on database.","description":""},"plugin-organizer\/plugin-organizer.php":{"reason":"EasyWP notice: this plugin causes unnecessary load on database.","description":""},"portable-phpmyadmin\/wp-phpmyadmin.php":{"reason":"EasyWP notice: this plugin has security issues.","description":""},"quick-cache\/quick-cache.php":{"reason":"This plugin is not necessary since EasyWP already has its own cache.","description":""},"role-scoper\/role-scoper.php":{"reason":"EasyWP notice: this plugin interferes with our caching mechanism.","description":""},"seo-automatic-links\/seo-links.php":{"reason":"EasyWP notice: this plugin causes unnecessary load on database.","description":""},"sexybookmarks\/shareaholic.php":{"reason":"EasyWP notice: this plugin interferes with our caching mechanism.","description":""},"similar-posts\/similar-posts.php":{"reason":"EasyWP notice: this plugin causes unnecessary load on database.","description":""},"special-recent-posts\/special-recent-posts.php":{"reason":"EasyWP notice: this plugin interferes with our caching mechanism.","description":""},"td-speed-booster\/td-speed-booster.php":{"reason":"EasyWP notice: This plugin is not necessary since EasyWP already has its own cache.","description":""},"ultimate-social-deux\/ultimate-social-deux.php":{"reason":"EasyWP notice: this plugin slows down WordPress.","description":""},"w3-total-cache\/w3-total-cache.php":{"reason":"EasyWP notice: This plugin is not necessary since EasyWP already has its own cache.","description":""},"watermark-my-image\/watermark-my-image.php":{"reason":"EasyWP notice: This plugin has bugs that alter the content of posts.","description":""},"wordpress-database-reset\/wp-reset.php":{"reason":"EasyWP notice: this plugin has security issues.","description":""},"wordpress-gzip-compression\/ezgz.php":{"reason":"EasyWP notice: Our servers already serve the content compressed.","description":""},"wordpress-popular-posts\/wordpress-popular-posts.php":{"reason":"EasyWP notice: this plugin causes unnecessary load on database.","description":""},"wp-cache\/wp-cache.php":{"reason":"EasyWP notice: This plugin is not necessary since EasyWP already has its own cache.","description":""},"wp-file-cache\/file-cache.php":{"reason":"EasyWP notice: This plugin is not necessary since EasyWP already has its own cache.","description":""},"wp-media\/wp-rocket.php":{"reason":"EasyWP notice: This plugin is not necessary since EasyWP already has its own cache.","description":""},"wp-memcached-manager\/wp-memcached-manager.php":{"reason":"EasyWP notice: This plugin is not necessary since EasyWP already has its own cache.","description":""},"wp-phpmyadmin\/wp-phpmyadmin.php":{"reason":"EasyWP notice: this plugin has security issues.","description":""},"wp-rocket\/wp-rocket.php":{"reason":"EasyWP notice: This plugin is not necessary since EasyWP already has its own cache.","description":""},"wp-super-cache-clear-cache-menu\/wp-super-cache-clear-cache-menu.php":{"reason":"EasyWP notice: This plugin is not necessary since EasyWP already has its own cache.","description":""},"wp-super-cache\/wp-cache.php":{"reason":"EasyWP notice: This plugin is not necessary since EasyWP already has its own cache.","description":""},"wp-tab-widget\/wp-tab-widget.php":{"reason":"EasyWP notice: this plugin causes unnecessary load on database.","description":""},"bad-behavior\/bad-behavior.php":{"reason":"EasyWP notice: this plugin interferes with our caching mechanism.","description":""},"pie-register\/pie-register.php":{"reason":"EasyWP notice: This plugin can break your website.","description":""},"redis-cache\/redis-cache.php":{"reason":"EasyWP notice: This plugin is not necessary since EasyWP already has its own cache.","description":""},"simple-session-support\/simple-session-support.php":{"reason":"EasyWP notice: This plugin is outdated.","description":""},"tweet-blender\/tweet-blender.php":{"reason":"EasyWP notice: This plugin is not necessary since EasyWP already has its own cache.","description":""},"varnish-http-purge\/varnish-http-purge.php":{"reason":"EasyWP notice: This plugin is not necessary since EasyWP already has its own cache.","description":""},"vcaching\/vcaching.php":{"reason":"EasyWP notice: This plugin is not necessary since EasyWP already has its own cache.","description":""},"comet-cache\/comet-cache.php":{"reason":"EasyWP notice: this plugin interferes with our caching mechanism.","description":""},"wp-stats-manager\/wp-stats-manager.php":{"reason":"EasyWP notice: this plugin causes unnecessary load on database.","description":""}}